<keymap version="1" name="MyEmacs" parent="Emacs">
  <action id="$Copy">
    <keyboard-shortcut first-keystroke="ctrl c" />
  </action>
  <action id="$Cut">
    <keyboard-shortcut first-keystroke="shift delete" />
  </action>
  <action id="$Delete">
    <keyboard-shortcut first-keystroke="delete" />
  </action>
  <action id="$Paste">
    <keyboard-shortcut first-keystroke="alt p" />
    <keyboard-shortcut first-keystroke="shift insert" />
    <keyboard-shortcut first-keystroke="ctrl y" />
    <keyboard-shortcut first-keystroke="ctrl v" />
  </action>
  <action id="$Undo">
    <keyboard-shortcut first-keystroke="shift ctrl minus" />
    <keyboard-shortcut first-keystroke="ctrl slash" />
    <keyboard-shortcut first-keystroke="ctrl z" />
  </action>
  <action id="ActivateProjectToolWindow">
    <keyboard-shortcut first-keystroke="alt 1" />
    <keyboard-shortcut first-keystroke="f7" />
  </action>
  <action id="ActivateStructureToolWindow">
    <keyboard-shortcut first-keystroke="alt 7" />
    <keyboard-shortcut first-keystroke="f10" />
  </action>
  <action id="Arrangement.Rule.Remove">
    <keyboard-shortcut first-keystroke="delete" />
  </action>
  <action id="Back">
    <keyboard-shortcut first-keystroke="ctrl alt left" />
    <mouse-shortcut keystroke="button4" />
    <keyboard-shortcut first-keystroke="alt comma" />
  </action>
  <action id="ChangesView.Diff" />
  <action id="CloseActiveTab" />
  <action id="CollapseBlock" />
  <action id="CompareTwoFiles" />
  <action id="Debugger.RemoveCustomField">
    <keyboard-shortcut first-keystroke="delete" />
  </action>
  <action id="Diff.FocusOppositePane" />
  <action id="Diff.ShowDiff" />
  <action id="DomElementsTreeView.DeleteElement">
    <keyboard-shortcut first-keystroke="delete" />
  </action>
  <action id="Editor Copy">
    <keyboard-shortcut first-keystroke="ctrl c" />
  </action>
  <action id="Editor Paste">
    <keyboard-shortcut first-keystroke="ctrl v" />
  </action>
  <action id="Editor Undo">
    <keyboard-shortcut first-keystroke="ctrl z" />
  </action>
  <action id="EditorCut">
    <keyboard-shortcut first-keystroke="shift delete" />
  </action>
  <action id="EditorDelete">
    <keyboard-shortcut first-keystroke="delete" />
  </action>
  <action id="EditorDeleteLine">
    <keyboard-shortcut first-keystroke="ctrl d" />
  </action>
  <action id="EditorDown">
    <keyboard-shortcut first-keystroke="down" />
    <keyboard-shortcut first-keystroke="ctrl n" />
    <keyboard-shortcut first-keystroke="alt k" />
  </action>
  <action id="EditorDuplicate">
    <keyboard-shortcut first-keystroke="meta d" />
    <keyboard-shortcut first-keystroke="ctrl x" second-keystroke="ctrl d" />
  </action>
  <action id="EditorLeft">
    <keyboard-shortcut first-keystroke="left" />
    <keyboard-shortcut first-keystroke="ctrl b" />
    <keyboard-shortcut first-keystroke="alt j" />
  </action>
  <action id="EditorPageDown">
    <keyboard-shortcut first-keystroke="page_down" />
  </action>
  <action id="EditorPageUp">
    <keyboard-shortcut first-keystroke="page_up" />
    <keyboard-shortcut first-keystroke="alt v" />
  </action>
  <action id="EditorRight">
    <keyboard-shortcut first-keystroke="right" />
    <keyboard-shortcut first-keystroke="ctrl f" />
    <keyboard-shortcut first-keystroke="alt l" />
  </action>
  <action id="EditorSplitLine" />
  <action id="EditorStartNewLine">
    <keyboard-shortcut first-keystroke="shift enter" />
    <keyboard-shortcut first-keystroke="ctrl o" />
  </action>
  <action id="EditorStartNewLineBefore">
    <keyboard-shortcut first-keystroke="ctrl alt enter" />
    <keyboard-shortcut first-keystroke="ctrl x" second-keystroke="o" />
  </action>
  <action id="EditorTextEnd">
    <keyboard-shortcut first-keystroke="ctrl end" />
    <keyboard-shortcut first-keystroke="shift alt period" />
    <keyboard-shortcut first-keystroke="shift ctrl period" />
  </action>
  <action id="EditorTextStart">
    <keyboard-shortcut first-keystroke="ctrl home" />
    <keyboard-shortcut first-keystroke="shift alt comma" />
    <keyboard-shortcut first-keystroke="escape" second-keystroke="comma" />
    <keyboard-shortcut first-keystroke="shift ctrl comma" />
  </action>
  <action id="EditorUp">
    <keyboard-shortcut first-keystroke="up" />
    <keyboard-shortcut first-keystroke="ctrl p" />
    <keyboard-shortcut first-keystroke="alt i" />
  </action>
  <action id="FileChooser.GotoDesktop" />
  <action id="GotoAction">
    <keyboard-shortcut first-keystroke="shift ctrl a" />
    <keyboard-shortcut first-keystroke="alt x" />
  </action>
  <action id="NextDiff" />
  <action id="NextSplitter" />
  <action id="NextTab">
    <keyboard-shortcut first-keystroke="alt right" />
    <keyboard-shortcut first-keystroke="ctrl x" second-keystroke="n" />
    <keyboard-shortcut first-keystroke="ctrl tab" />
  </action>
  <action id="ReformatCode">
    <keyboard-shortcut first-keystroke="ctrl alt back_slash" />
  </action>
  <action id="Scala.ShowImplicits">
    <keyboard-shortcut first-keystroke="shift ctrl alt equals" />
    <keyboard-shortcut first-keystroke="shift ctrl alt add" />
  </action>
  <action id="SelectNextOccurrence">
    <keyboard-shortcut first-keystroke="alt n" />
  </action>
  <action id="SendEOF" />
  <action id="ShelvedChanges.Diff" />
  <action id="ShowContent">
    <keyboard-shortcut first-keystroke="alt down" />
    <keyboard-shortcut first-keystroke="ctrl x" second-keystroke="ctrl b" />
  </action>
  <action id="StepInto" />
  <action id="Vcs.RefreshStatuses">
    <keyboard-shortcut first-keystroke="shift ctrl alt q" />
    <keyboard-shortcut first-keystroke="ctrl x" second-keystroke="z" />
  </action>
  <action id="XDebugger.RemoveWatch">
    <keyboard-shortcut first-keystroke="delete" />
  </action>
  <action id="hg4idea.QDelete">
    <keyboard-shortcut first-keystroke="delete" />
  </action>
  <action id="openAssertEqualsDiff" />
</keymap>