<application>
  <component name="ParameterNameHintsSettings">
    <blacklists>
      <blacklist language="Java" />
      <blacklist language="Scala" />
      <blacklist language="Groovy" />
      <blacklist language="Kotlin" />
    </blacklists>
    <option id="scala.apply.update.hint" value="true" />
    <option id="scala.references.names.hint" value="true" />
    <disabledLanguages>
      <language id="JAVA" />
      <language id="kotlin" />
      <language id="Groovy" />
    </disabledLanguages>
  </component>
</application>