<application>
  <component name="UISettings">
    <option name="compactTreeIndents" value="true" />
    <option name="DND_WITH_PRESSED_ALT_ONLY" value="true" />
    <option name="EDITOR_TAB_LIMIT" value="15" />
    <option name="FULL_PATHS_IN_TITLE_BAR" value="true" />
    <option name="LEFT_HORIZONTAL_SPLIT" value="true" />
    <option name="MARK_MODIFIED_TABS_WITH_ASTERISK" value="true" />
    <option name="OPEN_TABS_AT_THE_END" value="true" />
    <option name="OVERRIDE_NONIDEA_LAF_FONTS" value="true" />
    <option name="PRESENTATION_MODE_FONT_SIZE" value="26" />
    <option name="REUSE_NOT_MODIFIED_TABS" value="true" />
    <option name="RIGHT_HORIZONTAL_SPLIT" value="true" />
    <option name="SCROLL_TAB_LAYOUT_IN_EDITOR" value="false" />
    <option name="showTreeIndentGuides" value="true" />
    <option name="CONTRAST_SCROLLBARS" value="true" />
    <option name="USE_SMALL_LABELS_ON_TABS" value="true" />
    <option name="WIDESCREEN_SUPPORT" value="true" />
  </component>
</application>