<application>
  <component name="GeneralSettings">
    <option name="autoSaveIfInactive" value="true" />
    <option name="confirmExit" value="false" />
    <option name="confirmOpenNewProject2" value="0" />
    <option name="defaultProjectDirectory" value="$USER_HOME$/projects/eloq" />
    <option name="showTipsOnStartup" value="false" />
  </component>
  <component name="Registry">
    <entry key="SBT.system.in.process" value="true" />
    <entry key="BSP.experimental.feature.enabled" value="false" />
    <entry key="BSP.system.in.process" value="true" />
    <entry key="java.completion.argument.hints.internal" value="false" />
    <entry key="suppress.focus.stealing.disable.auto.request.focus" value="true" />
    <entry key="suppress.focus.stealing.active.window.checks" value="true" />
    <entry key="suppress.focus.stealing.linux" value="true" />
  </component>
</application>