<application>
  <component name="GeneralSettings">
    <option name="autoSaveIfInactive" value="true" />
    <option name="confirmExit" value="false" />
    <option name="defaultProjectDirectory" value="$USER_HOME$/projects/eloq" />
    <option name="showTipsOnStartup" value="false" />
  </component>
  <component name="Registry">
    <entry key="SBT.system.in.process" value="true" />
    <entry key="BSP.experimental.feature.enabled" value="false" />
    <entry key="BSP.system.in.process" value="true" />
  </component>
</application>